https://github.com/dyrehaugen/,
https://www.bing.com/search?q=%D1%87%D0%B8%D1%87%D0%B2%D0%B0%D1%80%D0%BA%D0%B8%D0%BD%20youtube&qs=n&form=QBRE&sp=-1&lq=0&pq=%D1%87%D0%B8%D1%87%D0%B2%D0%B0%D1%80%D0%BA%D0%B8%D0%BD%20youtube&sc=9-17&sk=&cvid=8C467ABDC1224DF28B20E887D15C30A8,
https://ru.wikipedia.org/wiki/%D0%A7%D0%B8%D1%87%D0%B2%D0%B0%D1%80%D0%BA%D0%B8%D0%BD_%D0%95%D0%B2%D0%B3%D0%B5%D0%BD%D0%B8%D0%B9_%D0%90%D0%BB%D0%B5%D0%BA%D1%81%D0%B0%D0%BD%D0%B4%D1%80%D0%BE%D0%B2%D0%B8%D1%87,
https://github.com/abnegantes/open-russian-data,
https://github.com/abnegantes?tab=repositories,
https://www.spotify.com/int/why-not-available,
https://ru.wikipedia.org/wiki/%D0%9C%D0%BE%D0%BD%D0%B5%D1%82%D0%BE%D1%87%D0%BA%D0%B0,
https://www.bing.com/videos/search?q=%d0%bc%d0%be%d0%bd%d0%b5%d1%82%d0%be%d1%87%d0%ba%d0%b0&view=channel&churl=https%3a%2f%2fwww.youtube.com%2fchannel%2fUC53JOxGaJlh6vD0ZHUjWhsA&FORM=VCNPFL,
https://ru.wikipedia.org/wiki/%D0%97%D0%B5%D0%BC%D1%84%D0%B8%D1%80%D0%B0,
https://www.bing.com/search?pglt=131&q=%D1%81%D0%B2%D0%BE%D0%B1%D0%BE%D0%B4%D0%BD%D0%B0%D1%8F+%D0%B1%D1%83%D1%80%D1%8F%D1%82%D0%B8%D1%8F&cvid=1cf11c94b0fb40f0b1c39e67a3ce75b1&gs_lcrp=EgRlZGdlKgYIABBFGDkyBggAEEUYOdIBCDM1ODBqMGoxqAIIsAIB&FORM=ANNTA1&PC=U531,
https://www.freeburyatia.org/,
https://www.gorby.ru/,
https://leningradcenter.ru/,
https://archive.org/download/PEDOPHILENETWORKFILESARCHIVE,
